时间,求和项:个数
16469223272 ,20
16469223273 ,126
16469223274 ,270
16469223275 ,256
16469223276 ,256
16469223277 ,256
16469223278 ,256
16469223279 ,256
16469223280 ,256
16469223281 ,256
16469223282 ,256
16469223283 ,256
16469223284 ,256
16469223285 ,256
16469223286 ,256
16469223287 ,256
16469223288 ,256
16469223289 ,256
16469223290 ,256
16469223291 ,256
16469223292 ,256
16469223293 ,256
16469223294 ,256
16469223295 ,256
16469223296 ,256
16469223297 ,256
16469223298 ,256
16469223299 ,256
16469223300 ,256
16469223301 ,256
16469223302 ,256
16469223303 ,256
16469223304 ,256
16469223305 ,256
16469223306 ,255
16469223307 ,257
16469223308 ,255
16469223309 ,257
16469223310 ,254
16469223311 ,258
16469223312 ,249
16469223313 ,263
16469223314 ,256
16469223315 ,256
16469223316 ,256
16469223317 ,256
16469223318 ,256
16469223319 ,256
16469223320 ,256
16469223321 ,256
16469223322 ,256
16469223323 ,256
16469223324 ,256
16469223325 ,256
16469223326 ,256
16469223327 ,256
16469223328 ,256
16469223329 ,256
16469223330 ,256
16469223331 ,256
16469223332 ,256
16469223333 ,256
16469223334 ,256
16469223335 ,256
16469223336 ,256
16469223337 ,256
16469223338 ,256
16469223339 ,256
16469223340 ,256
16469223341 ,256
16469223342 ,256
16469223343 ,256
16469223344 ,256
16469223345 ,256
16469223346 ,256
16469223347 ,256
16469223348 ,256
16469223349 ,256
16469223350 ,256
16469223351 ,256
16469223352 ,256
16469223353 ,256
16469223354 ,256
16469223355 ,256
16469223356 ,256
16469223357 ,256
16469223358 ,256
16469223359 ,256
16469223360 ,256
16469223361 ,256
16469223362 ,256
16469223363 ,256
16469223364 ,256
16469223365 ,256
16469223366 ,256
16469223367 ,256
16469223368 ,256
16469223369 ,256
16469223370 ,256
16469223371 ,256
16469223372 ,256
16469223373 ,256
16469223374 ,256
16469223375 ,256
16469223376 ,256
16469223377 ,256
16469223378 ,256
16469223379 ,256
16469223380 ,256
16469223381 ,256
16469223382 ,256
16469223383 ,256
16469223384 ,256
16469223385 ,256
16469223386 ,256
16469223387 ,256
16469223388 ,256
16469223389 ,256
16469223390 ,256
16469223391 ,256
16469223392 ,256
16469223393 ,256
16469223394 ,256
16469223395 ,256
16469223396 ,256
16469223397 ,256
16469223398 ,256
16469223399 ,256
16469223400 ,256
16469223401 ,256
16469223402 ,256
16469223403 ,256
16469223404 ,256
16469223405 ,256
16469223406 ,256
16469223407 ,256
16469223408 ,256
16469223409 ,256
16469223410 ,256
16469223411 ,256
16469223412 ,256
16469223413 ,256
16469223414 ,256
16469223415 ,256
16469223416 ,256
16469223417 ,256
16469223418 ,256
16469223419 ,256
16469223420 ,256
16469223421 ,256
16469223422 ,256
16469223423 ,256
16469223424 ,256
16469223425 ,256
16469223426 ,256
16469223427 ,256
16469223428 ,256
16469223429 ,256
16469223430 ,256
16469223431 ,256
16469223432 ,256
16469223433 ,256
16469223434 ,256
16469223435 ,256
16469223436 ,256
16469223437 ,256
16469223438 ,256
16469223439 ,256
16469223440 ,256
16469223441 ,256
16469223442 ,256
16469223443 ,256
16469223444 ,256
16469223445 ,256
16469223446 ,256
16469223447 ,256
16469223448 ,256
16469223449 ,256
16469223450 ,256
16469223451 ,256
16469223452 ,256
16469223453 ,256
16469223454 ,256
16469223455 ,256
16469223456 ,256
16469223457 ,256
16469223458 ,256
16469223459 ,256
16469223460 ,256
16469223461 ,256
16469223462 ,256
16469223463 ,256
16469223464 ,256
16469223465 ,256
16469223466 ,256
16469223467 ,256
16469223468 ,256
16469223469 ,256
16469223470 ,256
16469223471 ,256
16469223472 ,256
16469223473 ,256
16469223474 ,256
16469223475 ,256
16469223476 ,256
16469223477 ,256
16469223478 ,256
16469223479 ,256
16469223480 ,256
16469223481 ,256
16469223482 ,256
16469223483 ,256
16469223484 ,256
16469223485 ,256
16469223486 ,256
16469223487 ,256
16469223488 ,256
16469223489 ,256
16469223490 ,256
16469223491 ,256
16469223492 ,256
16469223493 ,256
16469223494 ,256
16469223495 ,256
16469223496 ,255
16469223497 ,257
16469223498 ,256
16469223499 ,256
16469223500 ,256
16469223501 ,256
16469223502 ,256
16469223503 ,256
16469223504 ,256
16469223505 ,256
16469223506 ,256
16469223507 ,256
16469223508 ,256
16469223509 ,256
16469223510 ,256
16469223511 ,256
16469223512 ,256
16469223513 ,256
16469223514 ,256
16469223515 ,256
16469223516 ,256
16469223517 ,256
16469223518 ,256
16469223519 ,256
16469223520 ,256
16469223521 ,256
16469223522 ,256
16469223523 ,256
16469223524 ,256
16469223525 ,256
16469223526 ,256
16469223527 ,256
16469223528 ,256
16469223529 ,256
16469223530 ,256
16469223531 ,251
16469223532 ,261
16469223533 ,256
16469223534 ,256
16469223535 ,256
16469223536 ,256
16469223537 ,256
16469223538 ,256
16469223539 ,256
16469223540 ,256
16469223541 ,256
16469223542 ,256
16469223543 ,256
16469223544 ,256
16469223545 ,256
16469223546 ,256
16469223547 ,256
16469223548 ,256
16469223549 ,256
16469223550 ,256
16469223551 ,256
16469223552 ,256
16469223553 ,256
16469223554 ,256
16469223555 ,256
16469223556 ,256
16469223557 ,256
16469223558 ,256
16469223559 ,256
16469223560 ,256
16469223561 ,256
16469223562 ,256
16469223563 ,256
16469223564 ,256
16469223565 ,256
16469223566 ,256
16469223567 ,256
16469223568 ,256
16469223569 ,256
16469223570 ,256
16469223571 ,256
16469223572 ,256
16469223573 ,256
16469223574 ,256
16469223575 ,256
16469223576 ,256
16469223577 ,256
16469223578 ,256
16469223579 ,256
16469223580 ,256
16469223581 ,256
16469223582 ,256
16469223583 ,256
16469223584 ,256
16469223585 ,256
16469223586 ,256
16469223587 ,256
16469223588 ,256
16469223589 ,256
16469223590 ,256
16469223591 ,256
16469223592 ,256
16469223593 ,256
16469223594 ,256
16469223595 ,256
16469223596 ,256
16469223597 ,256
16469223598 ,256
16469223599 ,256
16469223600 ,256
16469223601 ,256
16469223602 ,256
16469223603 ,256
16469223604 ,256
16469223605 ,256
16469223606 ,256
16469223607 ,256
16469223608 ,256
16469223609 ,256
16469223610 ,256
16469223611 ,256
16469223612 ,256
16469223613 ,256
16469223614 ,256
16469223615 ,256
16469223616 ,256
16469223617 ,256
16469223618 ,256
16469223619 ,256
16469223620 ,256
16469223621 ,256
16469223622 ,256
16469223623 ,256
16469223624 ,256
16469223625 ,256
16469223626 ,256
16469223627 ,256
16469223628 ,256
16469223629 ,256
16469223630 ,256
16469223631 ,256
16469223632 ,256
16469223633 ,256
16469223634 ,256
16469223635 ,256
16469223636 ,256
16469223637 ,256
16469223638 ,256
16469223639 ,256
16469223640 ,256
16469223641 ,256
16469223642 ,256
16469223643 ,256
16469223644 ,256
16469223645 ,256
16469223646 ,256
16469223647 ,256
16469223648 ,256
16469223649 ,256
16469223650 ,256
16469223651 ,256
16469223652 ,256
16469223653 ,256
16469223654 ,256
16469223655 ,256
16469223656 ,256
16469223657 ,256
16469223658 ,256
16469223659 ,256
16469223660 ,256
16469223661 ,256
16469223662 ,256
16469223663 ,256
16469223664 ,256
16469223665 ,256
16469223666 ,256
16469223667 ,256
16469223668 ,256
16469223669 ,256
16469223670 ,256
16469223671 ,256
16469223672 ,232
16469223673 ,120
总计,102400
